<list>
  <flat>
    <id>1</id>
    <name>sfdsf</name>
    <coordinates>
      <x>3.0</x>
      <y>3.0</y>
    </coordinates>
    <creationDate>2023-09-16T10:19:36.5510438</creationDate>
    <area>3</area>
    <numberOfRooms>3</numberOfRooms>
    <numberOfBathrooms>33</numberOfBathrooms>
    <New>false</New>
    <transport>FEW</transport>
    <house>
      <name>fdsf</name>
      <year>3</year>
      <numberOfFloors>3</numberOfFloors>
    </house>
  </flat>
  <flat>
    <id>2</id>
    <name>ahmad</name>
    <coordinates>
      <x>3.0</x>
      <y>3.0</y>
    </coordinates>
    <creationDate>2023-09-18T19:31:28.7415208</creationDate>
    <area>4</area>
    <numberOfRooms>3</numberOfRooms>
    <numberOfBathrooms>3</numberOfBathrooms>
    <New>true</New>
    <transport>FEW</transport>
    <house>
      <name>hamed</name>
      <year>4</year>
      <numberOfFloors>4</numberOfFloors>
    </house>
  </flat>
  <flat>
    <id>3</id>
    <name>4</name>
    <coordinates>
      <x>4.0</x>
      <y>4.0</y>
    </coordinates>
    <creationDate>2023-09-20T21:37:54.566536888</creationDate>
    <area>4</area>
    <numberOfRooms>4</numberOfRooms>
    <numberOfBathrooms>4</numberOfBathrooms>
    <New>true</New>
    <transport>FEW</transport>
    <house>
      <name>ewt</name>
      <year>34</year>
      <numberOfFloors>3</numberOfFloors>
    </house>
  </flat>
</list>